FIPS,County,State,Total,Under 18,18 to 64,Over 64,White,Black,AIAN,Asian,NHOPI,Hispanic,Other_Races,Below 9th grade,High School,College,Advanced Degree,Urban_Percentage
16001,Ada County,Idaho,508052,0.22452622959854504,0.6180568130821255,0.15741695731932953,0.8163711588577547,0.01222315825939077,0.003115822789793171,0.025056490280522467,0.0017163597427035028,0.09505129396203538,0.04646571610779999,0.017058808373959768,0.9129053220390414,0.43900881996788055,0.15355217693754455,0.944341743995054
16003,Adams County,Idaho,4599,0.17134159599913024,0.5248967166775386,0.30376168732333114,0.888019134594477,0.0023918243096325287,0.010437051532941943,0.0,0.0,0.045662100456621,0.05348988910632746,0.01113895850737956,0.874129768866611,0.21303258145363407,0.0782511835143414,0.0
16005,Bannock County,Idaho,88457,0.25446262025616967,0.5958149157217631,0.1497224640220672,0.8106989836869891,0.00820737759589405,0.02259855070825373,0.014752930802536826,0.0030071107995975448,0.09587709282476231,0.04485795358196638,0.013882274082305834,0.892557901606957,0.3020585278086469,0.10664832160307633,0.829839803259096
16007,Bear Lake County,Idaho,6552,0.27106227106227104,0.5201465201465202,0.2087912087912088,0.9311660561660562,0.0027472527472527475,0.007631257631257631,0.0025946275946275945,0.0,0.03724053724053724,0.01862026862026862,0.0030416471689284044,0.8869911090313524,0.2033224145999064,0.06364061768834815,0.0
16009,Benewah County,Idaho,9913,0.22082114395238575,0.5446383536769898,0.23454050237062443,0.8419247452839705,0.007364067386260466,0.07444769494603047,0.00040351054171290223,0.0019166750731362857,0.03581156057702008,0.038131746191869265,0.023357870894677238,0.8154020385050963,0.19804643261608154,0.06724235560588901,0.0
16011,Bingham County,Idaho,48993,0.2973894229787929,0.554466964668422,0.1481436123527851,0.7412895719796706,0.002714673524789256,0.04837425754699651,0.004102626905884514,0.00044904374094258365,0.175923091053824,0.027146735247892555,0.04973238921578405,0.8310229048236428,0.2078720787207872,0.05884112895183006,0.40298383063844
16013,Blaine County,Idaho,24579,0.19589893811790554,0.5857846128809147,0.21831644900117986,0.7272875218682615,0.004231254322795882,0.009398266813133162,0.00516701249033728,4.068513771919118e-05,0.21241710403189715,0.04145815533585581,0.05143654114365411,0.8727475592747559,0.4552859135285914,0.12463040446304044,0.757292353328939
16015,Boise County,Idaho,8045,0.1536357986326911,0.5732753262896209,0.27308887507768803,0.8512119328775637,0.002113113735239279,0.00944686140459913,0.01528899937849596,0.0,0.04760720944686141,0.07433188315724053,0.004706620646375902,0.8881393159711327,0.2994979604643866,0.0961719485409476,0.0
16017,Bonner County,Idaho,49456,0.1962148172112585,0.5423002264639275,0.261484956324814,0.9014073115496603,0.0026083791653186673,0.004832578453574895,0.006167098026528632,0.00044483985765124553,0.036476868327402136,0.04806292461986412,0.021717457494678415,0.860965160455905,0.2893056341443699,0.10023441920620807,0.27221396731055
16019,Bonneville County,Idaho,127056,0.30191411660999873,0.5615712756579776,0.13651460773202367,0.8075100742979474,0.0033056290139780883,0.0037385090039037906,0.008350648532930362,0.0015347563279183981,0.14160685052260422,0.03395353230071779,0.030437572180161684,0.8706916463492879,0.3221352495829591,0.10001283202874374,0.848084927882288
16021,Boundary County,Idaho,12695,0.23332020480504134,0.5311539976368649,0.23552579755809375,0.8696337140606538,0.007404489956675857,0.01551792044111855,0.015833005120126035,0.0005513981882630957,0.05561244584482079,0.035447026388341865,0.04332459240679512,0.799566754075932,0.1957587504275453,0.07741420590582601,0.0
16023,Butte County,Idaho,2654,0.26563677467972874,0.5354182366239638,0.19894498869630747,0.8831951770911831,0.0,0.00037678975131876413,0.0,0.003014318010550113,0.07761868877166542,0.03579502637528259,0.03722504230118443,0.8183869148336154,0.13818386914833616,0.03778905809362662,0.0
16025,Camas County,Idaho,1155,0.3316017316017316,0.5194805194805194,0.14891774891774892,0.7619047619047619,0.0,0.006926406926406926,0.0,0.0,0.141991341991342,0.08917748917748917,0.10040705563093623,0.8371777476255088,0.27408412483039346,0.08955223880597014,0.0
16027,Canyon County,Idaho,242405,0.2715661805655824,0.584893050885914,0.14354076854850353,0.676632082671562,0.006138487242424867,0.002697964150904478,0.007949505992038117,0.0017078855634165963,0.2576597017388255,0.04721437264082837,0.05414085202930679,0.8185163274195331,0.22830432775758835,0.06654488008789437,0.8127301443067
16029,Caribou County,Idaho,7118,0.27479629109300363,0.5457993818488339,0.1794043270581624,0.907839280696825,0.0,0.0016858668165214948,0.0004214667041303737,0.0,0.056055071649339705,0.03399831413318348,0.02576419213973799,0.8323144104803494,0.15524017467248907,0.05786026200873363,0.0
16031,Cassia County,Idaho,25165,0.31225909000596064,0.5506457381283528,0.13709517186568648,0.6524935426187165,0.0008344923504867872,0.001867673355851381,0.0029405920921915358,0.00015895092390224517,0.2943771110669581,0.047327637591893505,0.06550043399879815,0.8125125191961007,0.20898711357414704,0.06970688388862924,0.496856621374975
16033,Clark County,Idaho,776,0.28865979381443296,0.5798969072164949,0.13144329896907217,0.5927835051546392,0.0,0.001288659793814433,0.0,0.0,0.30670103092783507,0.09922680412371133,0.04219409282700422,0.7172995780590717,0.1729957805907173,0.035864978902953586,0.0
16035,Clearwater County,Idaho,8921,0.1530097522699249,0.561820423719314,0.28516982401076113,0.8844299966371483,0.0020177110189440644,0.012666741396704406,0.009752269924896311,0.0001120950566080036,0.04248402645443336,0.048537159511265554,0.01382228490832158,0.840620592383639,0.19449929478138223,0.06191819464033851,0.0
16037,Custer County,Idaho,4411,0.11131262752210383,0.5273180684652007,0.3613693040126955,0.8941283155746996,0.002720471548401723,0.004080707322602585,0.026524597596916798,0.0,0.029698481070052143,0.042847426887327136,0.00135464643727987,0.8840422649688431,0.2519642373340558,0.03874288810620428,0.0
16039,Elmore County,Idaho,29046,0.24547269847827582,0.6126833298905184,0.14184397163120568,0.7055016181229773,0.027301521724161674,0.006059354127935,0.026957240239619915,0.0035460992907801418,0.17981821937616194,0.05081594711836397,0.06409007253437263,0.8209375338313305,0.21202771462596082,0.0540218685720472,0.620909788599735
16041,Franklin County,Idaho,14715,0.30941216445803604,0.5493034318722392,0.14128440366972478,0.8975874957526334,0.0,0.0014271151885830785,0.00027183146449201494,0.0011552837240910636,0.07291879034998301,0.026639483520217465,0.004983576849020274,0.9139200362441953,0.2147468569486918,0.06274776305357345,0.0
16043,Fremont County,Idaho,13701,0.24078534413546457,0.5812714400408729,0.17794321582366251,0.8349755492299832,0.0028465075541931244,0.008539522662579374,0.0005109116122910736,0.00080286110502883,0.12086708999343114,0.031457557842493246,0.038320775026910656,0.8495156081808396,0.21754574811625405,0.048654467168998926,0.0
16045,Gem County,Idaho,19854,0.22363251737685103,0.5491084919915382,0.22725899063161076,0.840082603001914,0.0018636043114737585,0.003878311675229173,0.0023169134683187266,0.0,0.09328095094187569,0.058577616601188674,0.027017342697434426,0.8234914719793608,0.22280349720510248,0.04959151497778415,0.531977200230089
16047,Gooding County,Idaho,15740,0.27121982210927575,0.5470775095298602,0.18170266836086404,0.6406607369758577,0.0006353240152477764,0.015501905972045744,0.007369758576874206,0.0,0.30978398983481575,0.026048284625158832,0.06618591326681814,0.7688432282920084,0.17050281537093748,0.05996246172083374,0.0
16049,Idaho County,Idaho,17120,0.19772196261682243,0.5163551401869159,0.2859228971962617,0.8986565420560748,0.0009345794392523365,0.02272196261682243,0.004964953271028037,0.0,0.037908878504672894,0.034813084112149534,0.02195121951219512,0.8822187254130606,0.2199842643587726,0.05759244689221086,0.0
16051,Jefferson County,Idaho,32234,0.32859713346156233,0.5560898430228951,0.1153130235155426,0.8607371098839735,0.0005894397220326363,0.0055841657876776075,0.0006514860085623875,0.00015511571632437798,0.10811565427809146,0.02416702860333809,0.027602776294714363,0.8902295782167645,0.27180993059263214,0.0783235451147891,0.332880126897802
16053,Jerome County,Idaho,24788,0.29990317895756013,0.5668468613845409,0.133249959657899,0.5753187025980313,0.0009278683233822818,0.0011295788284653866,0.0010892367274487654,0.0010085525254155236,0.38454090689043086,0.03598515410682589,0.14384191176470587,0.6975446428571429,0.13360031512605042,0.043198529411764705,0.511820769897265
16055,Kootenai County,Idaho,177736,0.2256323986136742,0.5774294459197912,0.19693815546653465,0.8629878021335013,0.0029988297249853714,0.007190439753342035,0.007522392762299141,0.0002925687536571094,0.05436715128055093,0.06464081559166404,0.015831917144964246,0.8889841921313367,0.28759579311892775,0.09770898130631353,0.764883696502142
16057,Latah County,Idaho,40315,0.18913555748480715,0.6661540369589483,0.14471040555624456,0.8559097110256728,0.010417958576212328,0.005432221257596428,0.020662284509487785,0.0021332010417958575,0.05102319236016371,0.05442143122907107,0.010605932561480605,0.9260120003380377,0.44899856333981236,0.1775542973041494,0.655768403471923
16059,Lemhi County,Idaho,8166,0.1830761694832231,0.5126132745530247,0.3043105559637521,0.916972814107274,0.0001224589762429586,0.007714915503306392,0.0007347538574577516,0.0033063923585598823,0.018123928483957875,0.05302473671320108,0.008949287371561154,0.8937686443486907,0.2292011932383162,0.08717268810076234,0.0
16061,Lewis County,Idaho,3649,0.21978624280624828,0.502329405316525,0.27788435187722665,0.822143052891203,0.016990956426418197,0.014524527267744588,0.009043573581803233,0.0,0.040559057275966016,0.0967388325568649,0.030109145652992095,0.8253669552126458,0.19984945427173503,0.05457282649604817,0.0
16063,Lincoln County,Idaho,5276,0.260235026535254,0.5849128127369219,0.15485216072782412,0.6328658074298711,0.006444275966641395,0.005875663381349507,0.004359363153904473,0.0,0.32012888551933283,0.030326004548900682,0.09254498714652956,0.7766352470722651,0.11625249928591831,0.04655812624964296,0.0
16065,Madison County,Idaho,53578,0.20532681324424204,0.7414983761991862,0.05317481055657173,0.844955018851021,0.009182873567509053,0.003042293478666617,0.01440889917503453,0.003471574153570495,0.0971107544141252,0.027828586360073165,0.0098126178068522,0.9494955094799867,0.40320434637986474,0.11930369220534427,0.781093493092435
16067,Minidoka County,Idaho,21922,0.2922634796095247,0.5506796825107199,0.1570568378797555,0.5968433537086032,0.00305629048444485,0.006066964693002463,0.002189581242587355,0.0,0.36684609068515645,0.02499771918620564,0.0895007342143906,0.7536710719530103,0.1683553597650514,0.0709985315712188,0.556378105769676
16069,Nez Perce County,Idaho,42477,0.21406879016879723,0.5803375944628858,0.20559361536831697,0.8611483861854651,0.0007298067189302446,0.0431292228735551,0.008310379734915366,0.0021658780045671774,0.04268192198130753,0.041834404501259505,0.023814328960645812,0.8794820047090481,0.2675748402287252,0.08688193743693239,0.810905203136137
16071,Oneida County,Idaho,4681,0.26703695791497545,0.5383465071565905,0.1946165349284341,0.9224524674214911,0.003631702627643666,0.002563554795983764,0.0,0.0,0.043580431531723994,0.027771843623157447,0.008242664029014177,0.8766897461259479,0.26178700956149026,0.0840751730959446,0.0
16073,Owyhee County,Idaho,12284,0.2497557798762618,0.5591826766525562,0.19106154347118204,0.6887821556496255,0.0048029957668511885,0.026619993487463366,0.001058287202865516,0.0,0.2482090524259199,0.030527515467274502,0.1364244858220762,0.7014725568942436,0.1367895825727151,0.04356821224291104,0.0
16075,Payette County,Idaho,26190,0.2565483008781978,0.5507063764795723,0.19274532264222985,0.7632684230622375,0.0008400152730049637,0.0031691485299732724,0.005345551737304314,0.00015273004963726612,0.17521954944635357,0.05200458190148912,0.0461827926335595,0.8175494612007526,0.19630537658931524,0.058669251382632986,0.587567950839045
16077,Power County,Idaho,8018,0.3036916936891993,0.5397854826640059,0.1565228236467947,0.6093788974806685,0.008979795460214518,0.009478672985781991,0.0,0.0,0.3379895235719631,0.034173110501371916,0.05950479233226837,0.8476437699680511,0.1667332268370607,0.046126198083067095,0.0
16079,Shoshone County,Idaho,13580,0.20765832106038293,0.5646539027982327,0.22768777614138438,0.8929307805596466,0.0093519882179676,0.009720176730486009,0.0029455081001472753,0.0022827687776141386,0.03954344624447717,0.043225331369661266,0.02045385163325532,0.8128625216240969,0.1152945965197924,0.04121298463417116,0.0
16081,Teton County,Idaho,12101,0.23163374927691927,0.6335840013222048,0.13478224940087596,0.7976200314023635,0.0,0.006032559292620444,0.0004958267911742831,0.0,0.17097760515659863,0.024873977357243202,0.04292452830188679,0.8998820754716981,0.48254716981132073,0.14056603773584905,0.0
16083,Twin Falls County,Idaho,92121,0.2671160755962267,0.5685891381986735,0.16429478620509982,0.7617047144516451,0.00682797624862952,0.0021167811899566874,0.0129612140554271,0.00287665136071037,0.17531290368102823,0.03819975901260299,0.04712956431186805,0.828395310557963,0.23003795895058618,0.09081594947764453,0.653088421473469
16085,Valley County,Idaho,12136,0.1838332234673698,0.5508404746209624,0.2653263019116678,0.9396011865524061,0.0004943968358602505,8.239947264337508e-05,0.0005767963085036256,0.0005767963085036256,0.051005273566249176,0.007663150955833883,0.019701302828090246,0.8896303357695159,0.3535642410761572,0.09967164495286517,0.314575174527499
16087,Washington County,Idaho,10866,0.22473771397018222,0.518498067366096,0.2567642186637217,0.7854776366648261,0.0011043622308117063,0.0011963924167126818,0.0022087244616234127,0.002300754647524388,0.1602245536535984,0.047487575924903366,0.05562844397795854,0.8401994227236945,0.19036998163211755,0.06415638939910785,0.524190476190476
30001,Beaverhead County,Montana,9590,0.17382690302398332,0.5891553701772679,0.2370177267987487,0.8965589155370177,0.005630865484880084,0.016579770594369134,0.0026068821689259644,0.00010427528675703858,0.04921793534932221,0.02930135557872784,0.016951672862453533,0.8883271375464684,0.355092936802974,0.11048327137546468,0.472628321417138
30003,Big Horn County,Montana,12963,0.3236905037414179,0.5395356013268533,0.13677389493172876,0.27038494175730926,0.0,0.653398133148191,0.002005708555118414,0.0,0.04566844094731158,0.028542775592069736,0.02953755680299385,0.8282544774124566,0.2087677091686715,0.08086073242448544,0.0
30005,Blaine County,Montana,6997,0.2939831356295555,0.5420894669143919,0.1639273974560526,0.4416178362155209,0.004430470201514935,0.4897813348577962,0.0,0.0,0.027440331570673146,0.03673002715449478,0.033287101248266296,0.8585298196948682,0.2584373555247342,0.08414239482200647,0.0
30007,Broadwater County,Montana,7310,0.19097127222982216,0.5734610123119015,0.23556771545827634,0.8979480164158686,0.0036935704514363885,0.01039671682626539,0.004240766073871409,0.0,0.017920656634746922,0.06580027359781122,0.041879096868171886,0.8634377276037873,0.2634741442097597,0.04989075018208303,0.0
30009,Carbon County,Montana,10877,0.17394502160522202,0.5539211179553185,0.2721338604394594,0.9158775397628023,0.004596855750666544,0.0034936103705065736,0.004688792865679875,0.0009193711501333088,0.028592442769145906,0.041831387331065555,0.014338630660771897,0.9140877046242084,0.30278408411996655,0.12187836061656111,0.0
30011,Carter County,Montana,1361,0.17560617193240263,0.5231447465099192,0.30124908155767816,0.919911829537105,0.0007347538574577516,0.0073475385745775165,0.0,0.0,0.02351212343864805,0.048493754592211606,0.00392156862745098,0.8931372549019608,0.20294117647058824,0.0392156862745098,0.0
30013,Cascade County,Montana,84601,0.2245836337631943,0.5821089585229489,0.19330740771385682,0.8321651044313897,0.014456093899599296,0.03388848831574095,0.01132374321816527,0.00011820191250694436,0.05062587912672427,0.05742248909587357,0.022078816038547583,0.8803992428153502,0.2873687833419377,0.10464636035105834,0.794856303456773
30015,Chouteau County,Montana,5888,0.23216711956521738,0.5431385869565217,0.22469429347826086,0.7583220108695652,0.001358695652173913,0.1649116847826087,0.001188858695652174,0.0,0.030230978260869564,0.04398777173913043,0.015180722891566266,0.8751807228915662,0.22626506024096385,0.06409638554216868,0.0
30017,Custer County,Montana,11938,0.1994471435751382,0.5966661082258334,0.2038867481990283,0.8947897470263025,0.0035181772491204555,0.012481152621879711,0.004020773998994806,0.0010051934997487016,0.0330876193667281,0.05109733623722566,0.019879097884212972,0.9058358521274122,0.2979539641943734,0.07707509881422925,0.777534338923064
30019,Daniels County,Montana,1524,0.20144356955380577,0.5091863517060368,0.28937007874015747,0.8956692913385826,0.0026246719160104987,0.03083989501312336,0.00853018372703412,0.0,0.015748031496062992,0.046587926509186355,0.009674582233948988,0.9182058047493403,0.2752858399296394,0.06508355321020229,0.0
30021,Dawson County,Montana,8874,0.210727969348659,0.5827135451881902,0.20655848546315078,0.908834798287131,0.000450755014649538,0.012959206671174216,0.0003380662609871535,0.0032679738562091504,0.03380662609871535,0.040342573811133646,0.021610372979029933,0.8925884424523771,0.2553225548263166,0.09620617896590364,0.746644295302013
30023,Deer Lodge County,Montana,9512,0.12447434819175777,0.6208999158957107,0.2546257359125315,0.8988645920941968,0.003153910849453322,0.01703111858704794,0.006938603868797309,0.0008410428931875525,0.0336417157275021,0.03952901597981497,0.01767343708783962,0.8607227644420997,0.22276444209970983,0.06752835663413348,0.710858719881117
30025,Fallon County,Montana,2817,0.2534611288604899,0.54419595314164,0.20234291799787008,0.9275825346112886,0.0003549875754348598,0.024139155129570464,0.0,0.0,0.0056798012069577564,0.042243521476748314,0.002717391304347826,0.966304347826087,0.16521739130434782,0.021195652173913043,0.0
30027,Fergus County,Montana,11581,0.2074950349710733,0.5458077886192902,0.24669717640963648,0.9274674035057422,0.006389776357827476,0.018910284086002937,0.008807529574302737,0.0,0.022105172264916675,0.016319834211208015,0.016621478250618885,0.8654956972769068,0.23765177413650831,0.050453848874219026,0.526297396470383
30029,Flathead County,Montana,108445,0.21759417216100327,0.5747521785236755,0.20765364931532113,0.9066715846742588,0.0023145373230669926,0.00895384757250219,0.008520448153441837,0.0,0.03504080409424132,0.03849877818248882,0.00857496008652212,0.9085723850234331,0.36034145336560747,0.11809239326363496,0.485046522993187
30031,Gallatin County,Montana,122194,0.192308951339673,0.6748694698594039,0.13282157880092313,0.882661996497373,0.004852938769497684,0.00618688315301897,0.012611093834394488,1.6367415748727435e-05,0.05132821578800923,0.04234250454195787,0.010181266974041559,0.9473631023811028,0.5314217141413503,0.1989894524095244,0.652437794216543
30033,Garfield County,Montana,938,0.23560767590618337,0.488272921108742,0.27611940298507465,0.9776119402985075,0.009594882729211088,0.006396588486140725,0.0,0.0,0.0,0.006396588486140725,0.012012012012012012,0.9174174174174174,0.2132132132132132,0.05405405405405406,0.0
30035,Glacier County,Montana,13713,0.2972361992270109,0.5742725880551302,0.12849121271785896,0.2932254065485306,0.0016772405746372056,0.6313716910960403,0.005833880259607672,0.001968934587617589,0.027565084226646247,0.03835776270692044,0.05000601033778098,0.8035821613174661,0.18055054694073808,0.0752494290179108,0.0
30037,Golden Valley County,Montana,840,0.14523809523809525,0.5726190476190476,0.28214285714285714,0.8892857142857142,0.007142857142857143,0.004761904761904762,0.0,0.0011904761904761906,0.06547619047619048,0.03214285714285714,0.041791044776119404,0.8686567164179104,0.18955223880597014,0.04626865671641791,0.0
30039,Granite County,Montana,3419,0.15121380520620065,0.5396314711904066,0.3091547236033928,0.9251243053524423,0.007312079555425563,0.022228721848493713,0.006434630008774495,0.0002924831822170225,0.019303890026323486,0.019303890026323486,0.011292834890965732,0.8769470404984424,0.31230529595015577,0.04789719626168224,0.0
30041,Hill County,Montana,16260,0.28400984009840097,0.5565805658056581,0.15940959409594097,0.6774907749077491,0.002091020910209102,0.22687576875768758,0.002029520295202952,0.00036900369003690036,0.03388683886838868,0.05725707257072571,0.019355482390501846,0.8583258505437493,0.25581163324353984,0.0710366157836975,0.602489423017965
30043,Jefferson County,Montana,12501,0.20206383489320853,0.5701143908487321,0.22782177425805936,0.9130469562435005,0.0011199104071674265,0.012079033677305815,0.004079673626109911,0.0,0.027117830573554116,0.042556595472362214,0.025587979094076656,0.8980836236933798,0.32676393728222997,0.11487369337979095,0.0
30045,Judith Basin County,Montana,2053,0.22211397954213347,0.4943984413054067,0.2834875791524598,0.9142717973697029,0.0,0.012177301509985387,0.0,0.0,0.05893813930832927,0.014612761811982464,0.02086137281292059,0.9098250336473755,0.28263795423956933,0.05383580080753701,0.0
30047,Lake County,Montana,32073,0.2256415053159979,0.5385214978330684,0.23583699685093382,0.6449038131761918,0.002088984504100022,0.20141552084307673,0.004895083091697066,0.0008418295762791133,0.04171733233560939,0.10413743647304587,0.023013941137419783,0.8857269307368887,0.3051560079663642,0.1040938260677141,0.178711376630051
30049,Lewis And Clark County,Montana,72580,0.21413612565445025,0.5867456599614219,0.19911821438412786,0.8920501515569027,0.005524937999448884,0.008817856158721412,0.006420501515569027,0.0,0.03899145770184624,0.04819509506751171,0.009064616937440557,0.9040159940992644,0.4281138997263146,0.14953706399580738,
30051,Liberty County,Montana,1968,0.29471544715447157,0.49898373983739835,0.20630081300813008,0.959349593495935,0.0,0.014227642276422764,0.0,0.0,0.0,0.026422764227642278,0.11720510894064613,0.7588279489105936,0.2734785875281743,0.049586776859504134,0.0
30053,Lincoln County,Montana,20656,0.1803350116189001,0.5224632068164213,0.2972017815646785,0.9080170410534469,0.0007261812548412084,0.013119674670797832,0.0022753679318357864,0.0014039504260263361,0.029725019364833464,0.04473276529821844,0.02412818096135721,0.8525290606346214,0.18045868677348414,0.05447690857681432,0.220612898307669
30055,McCone County,Montana,1818,0.18921892189218922,0.5236523652365237,0.2871287128712871,0.9125412541254125,0.0,0.03685368536853685,0.026402640264026403,0.0,0.0,0.0242024202420242,0.00881057268722467,0.9280469897209985,0.21365638766519823,0.05286343612334802,0.0
30057,Madison County,Montana,8975,0.156991643454039,0.5374930362116992,0.3055153203342618,0.9154317548746518,0.0,0.0032311977715877437,0.008022284122562675,0.0,0.03532033426183844,0.03799442896935933,0.009910802775024777,0.9266600594648167,0.3433385247062155,0.09061305394308368,0.0
30059,Meagher County,Montana,1979,0.11975745325922182,0.5356240525517938,0.3446184941889843,0.9242041435068217,0.008590197069226882,0.027286508337544216,0.003031834259727135,0.0,0.03183425972713492,0.005053057099545225,0.02612671456564337,0.9288047028086218,0.28543435662965383,0.062050947093403,0.0
30061,Mineral County,Montana,4796,0.20829858215179317,0.5108423686405338,0.2808590492076731,0.896371976647206,0.006672226855713094,0.013344453711426188,0.0037531276063386154,0.0,0.034820683903252714,0.045037531276063386,0.017812413025327024,0.8591706095185082,0.2657946006123017,0.0665182298914556,0.0
30063,Missoula County,Montana,119639,0.18448833574336126,0.6492448114745192,0.16626685278211956,0.8578389989886241,0.005951236636882622,0.019433462332516988,0.01592290139503005,0.0006937537090748,0.049331739650114094,0.05082790728775734,0.0114832187036722,0.9348433664665711,0.45893989841300703,0.1737672248280555,0.74718033954648
30065,Musselshell County,Montana,5068,0.19554064719810577,0.5167719021310182,0.2876874506708761,0.8770718232044199,0.0,0.02387529597474349,0.0,0.0,0.03689818468823994,0.062154696132596686,0.024921301154249738,0.8596537250786989,0.2193074501573977,0.05456453305351522,0.0
30067,Park County,Montana,17484,0.16981239990848776,0.5883093113703958,0.24187828872111644,0.9171814230153283,0.0018874399450926561,0.006463051933196065,0.0030313429421185084,0.0,0.03357355296270876,0.03786318920155571,0.006033848417954378,0.9321559970566593,0.3808682855040471,0.11655629139072848,0.543889244372055
30069,Petroleum County,Montana,401,0.13216957605985039,0.5885286783042394,0.2793017456359102,0.9925187032418953,0.0,0.0,0.007481296758104738,0.0,0.0,0.0,0.0,0.9634146341463414,0.27134146341463417,0.09451219512195122,0.0
30071,Phillips County,Montana,4224,0.23461174242424243,0.5286458333333334,0.23674242424242425,0.8193655303030303,0.003787878787878788,0.0712594696969697,0.0,0.004024621212121212,0.013731060606060606,0.08783143939393939,0.012203166226912929,0.8951187335092349,0.20613456464379948,0.04782321899736148,0.0
30073,Pondera County,Montana,6012,0.23486360612109114,0.5494011976047904,0.21573519627411844,0.7897538256819694,0.00033266799733865603,0.15984697272122422,0.0026613439787092482,0.0,0.022787757817697936,0.024617431803060547,0.07507218479307026,0.8346968238691049,0.1951395572666025,0.034167468719923,0.0
30075,Powder River County,Montana,1762,0.1844494892167991,0.49943246311010214,0.31611804767309876,0.8723041997729852,0.0,0.016458569807037457,0.01532349602724177,0.0,0.0170261066969353,0.07888762769580022,0.015625,0.8720238095238095,0.25223214285714285,0.09821428571428571,0.0
30077,Powell County,Montana,7029,0.14667804808649879,0.6441883624982216,0.20913358941527957,0.8743775786029307,0.012377294067434912,0.04139991463935126,0.018921610470906246,0.0,0.022762839664248115,0.030160762555128753,0.01917510853835022,0.7351664254703328,0.19030390738060782,0.051917510853835024,0.0
30079,Prairie County,Montana,1251,0.2158273381294964,0.44524380495603516,0.33892885691446845,0.8936850519584333,0.0,0.0007993605115907274,0.03916866506794564,0.0,0.007993605115907274,0.058353317346123104,0.025183630640083946,0.838405036726128,0.20041972717733472,0.08184679958027283,0.0
30081,Ravalli County,Montana,45807,0.1877660619555963,0.5475582334577684,0.26467570458663525,0.8922872050123344,0.002357718252668806,0.0053485275176283105,0.005435850415875303,0.00015281507193223742,0.039731918702381734,0.054685965027179255,0.016272403509279904,0.8951848741928946,0.2978255204563222,0.10944783854996092,0.155521347398922
30083,Richland County,Montana,11329,0.25280254214846853,0.5756024362256157,0.17159502162591578,0.8760702621590608,0.0024715332332950835,0.0024715332332950835,0.0027363403654338423,0.008650366316532793,0.0548150763527231,0.05278488833965928,0.006078224101479916,0.8971987315010571,0.19410676532769555,0.03924418604651163,0.567574623618484
30085,Roosevelt County,Montana,10665,0.3335208626347867,0.5475855602437881,0.11889357712142522,0.3294889826535396,0.0012189404594467885,0.5721518987341773,0.007969995311767463,0.00018752930145335208,0.027097984060009378,0.06188466947960619,0.0267188009123493,0.8724340175953079,0.19859889214727924,0.05848810687520365,0.0
30087,Rosebud County,Montana,8236,0.28946090335114133,0.5433462846041768,0.1671928120446819,0.5267119961146187,0.001699854298203011,0.38440990772219524,0.005099562894609034,0.00012141816415735794,0.034604176784847014,0.0473530840213696,0.028665504551617278,0.8535735037768739,0.18884369552585706,0.06604687197365873,0.0
30089,Sanders County,Montana,12936,0.17261904761904762,0.503865182436611,0.3235157699443414,0.8904607297464441,0.005256648113790971,0.02373222016079159,0.0037105751391465678,0.0012368583797155227,0.03339517625231911,0.04220779220779221,0.029560129136400323,0.8570419693301049,0.21559725585149314,0.061037126715092815,0.0
30091,Sheridan County,Montana,3677,0.2153929834103889,0.5564318738101713,0.22817514277943976,0.8923035082948055,0.0,0.016589611096002176,0.004351373402230079,0.003263530051672559,0.04514549904813707,0.03834647810715257,0.01776937618147448,0.8419659735349716,0.24650283553875235,0.07032136105860114,0.0
30093,Silver Bow County,Montana,35589,0.20607491078704093,0.6014779847705751,0.1924471044423839,0.8926353648599287,0.0012082385006603163,0.014133580600747422,0.003203236955238978,0.00022478855826238444,0.046053555874006016,0.04254123465115626,0.02194151663043924,0.8688020342041586,0.27707829225279906,0.09506623467169749,0.86124156775681
30095,Stillwater County,Montana,9052,0.21078214759169245,0.539659743703049,0.24955810870525852,0.922779496243924,0.0009942554131683605,0.003535130357931949,0.003645603181617322,0.0,0.033694211224038886,0.03535130357931949,0.02758411639890876,0.8895119733252501,0.2976659593816308,0.08608669293725371,0.0
30097,Sweet Grass County,Montana,3713,0.2038782655534608,0.5620791812550499,0.23404255319148937,0.9057366011311608,0.013466199838405602,0.016428763802854834,0.0,0.0,0.017775383786695395,0.04659305144088338,0.003409090909090909,0.918939393939394,0.23068181818181818,0.06325757575757576,0.0
30099,Teton County,Montana,6291,0.2501986965506279,0.5180416467970116,0.2317596566523605,0.9187728501033222,0.003814973772055317,0.019392783341281195,0.0,0.0,0.018756954379271974,0.0392624384040693,0.05068588700302255,0.8723552662171588,0.25877702859800045,0.07672634271099744,0.0
30101,Toole County,Montana,5028,0.2018695306284805,0.6237072394590294,0.17442322991249007,0.830151153540175,0.018496420047732696,0.056881463802704854,0.007159904534606206,0.0,0.04315831344470963,0.0441527446300716,0.0440771349862259,0.78099173553719,0.21515151515151515,0.08925619834710743,0.0
30103,Treasure County,Montana,761,0.15768725361366623,0.6162943495400789,0.22601839684625494,0.9290407358738502,0.0,0.001314060446780552,0.013140604467805518,0.0,0.056504599211563734,0.0,0.004942339373970346,0.9077429983525536,0.32784184514003295,0.04118616144975288,0.0
30105,Valley County,Montana,7540,0.2253315649867374,0.5315649867374005,0.24310344827586206,0.8477453580901857,0.00610079575596817,0.07519893899204244,0.0005305039787798408,0.0,0.02559681697612732,0.04482758620689655,0.011325659116227255,0.9205347196435202,0.21518752320831785,0.03713330857779428,0.0
30107,Wheatland County,Montana,2049,0.21864324060517326,0.4924353343094192,0.2889214250854075,0.9463152757442655,0.013177159590043924,0.004880429477794046,0.0,0.0,0.026842362127867253,0.008784773060029283,0.0313124583610926,0.9027315123251166,0.17788141239173885,0.03664223850766156,0.0
30109,Wibaux County,Montana,1148,0.2804878048780488,0.48257839721254353,0.23693379790940766,0.9050522648083623,0.008710801393728223,0.0,0.0008710801393728223,0.0,0.06010452961672474,0.025261324041811847,0.0025575447570332483,0.9258312020460358,0.25831202046035806,0.04859335038363171,0.0
30111,Yellowstone County,Montana,167340,0.23211425839607983,0.5895123700250986,0.17837337157882155,0.839345046014103,0.004924106609298434,0.03815585036452731,0.00773275965100992,0.00044221345763117005,0.06404326520855742,0.04535675869487271,0.01435585163595989,0.8967766559106207,0.339223135907845,0.10670171055827347,0.835155495929728
32001,Churchill County,Nevada,25614,0.2253064730225658,0.5795658624189897,0.1951276645584446,0.7149605684391348,0.018115093308346996,0.030959631451549934,0.02119934410869056,0.002459592410400562,0.14820020301397674,0.06410556726790037,0.019566933573925794,0.8483703620164655,0.18608322995376114,0.051990526671929625,0.656568427653237
32003,Clark County,Nevada,2293764,0.22537017757711778,0.6188369858451,0.1557928365777822,0.3938766150310145,0.11664975123857554,0.0034088075320739186,0.10246433373267695,0.007441044501526748,0.3144774266227912,0.06168202134134113,0.0572259405844851,0.8280929856387284,0.2730858178753908,0.09332220650316757,0.987310750438873
32005,Douglas County,Nevada,49624,0.15385700467515717,0.5304892793809447,0.3156537159438981,0.7815774625181364,0.0007053038852168306,0.011002740609382557,0.026378365307109464,0.0010881831371916814,0.1275390939867806,0.05170885055618249,0.021685396121601305,0.8953443926305328,0.3205157607726219,0.11339601967229825,0.702695602974458
32007,Elko County,Nevada,53852,0.2677337889029191,0.6050657357201218,0.12720047537695908,0.6271447671395677,0.008467652083488078,0.038197281438015304,0.0136299487484216,0.0014855529971031717,0.2566478496620367,0.05442694793136745,0.056830195148432815,0.8189376839338267,0.1753764393268379,0.06494471270607732,0.482011843134334
32009,Esmeralda County,Nevada,962,0.09147609147609148,0.6434511434511434,0.26507276507276506,0.6517671517671517,0.0031185031185031187,0.015592515592515593,0.013513513513513514,0.0,0.26403326403326405,0.05197505197505198,0.017361111111111112,0.7326388888888888,0.24074074074074073,0.07291666666666667,0.0
32011,Eureka County,Nevada,1660,0.20722891566265061,0.5614457831325301,0.23132530120481928,0.8325301204819278,0.0012048192771084338,0.023493975903614458,0.03313253012048193,0.0,0.029518072289156625,0.08012048192771085,0.02333931777378815,0.9021543985637342,0.1813285457809695,0.06463195691202872,0.0
32013,Humboldt County,Nevada,17299,0.26238510896583617,0.576911960228915,0.16070293080524886,0.6471472339441586,0.00682120353777675,0.028903404821087924,0.013468986646626973,0.0011561361928435169,0.26880166483611767,0.03370137002138852,0.04931868131868132,0.806945054945055,0.19797802197802197,0.054857142857142854,0.610124385305178
32015,Lander County,Nevada,5745,0.2713664055700609,0.596692776327241,0.131940818102698,0.6979982593559617,0.001392515230635335,0.02228024369016536,0.002959094865100087,0.0,0.22036553524804178,0.05500435161009574,0.01595060457936712,0.7921276048366349,0.16568047337278108,0.09698996655518395,0.0
32017,Lincoln County,Nevada,4452,0.22012578616352202,0.5909703504043127,0.1889038634321653,0.8472596585804133,0.04177897574123989,0.03571428571428571,0.0,0.0004492362982929021,0.05278526504941599,0.0220125786163522,0.014701282452299031,0.8439161714106975,0.18986549890522364,0.07381920550516109,0.0
32019,Lyon County,Nevada,60630,0.20761999010390897,0.5751937984496124,0.21718621144647865,0.7171862114464786,0.009846610588817417,0.015949200065973942,0.013689592610918688,0.0010885700148441366,0.18688767936665018,0.055352135906317004,0.040290545908523434,0.8135739416638293,0.17205765520372263,0.048144364998297585,0.553743563771419
32021,Mineral County,Nevada,4557,0.22734254992319508,0.5025235900811937,0.2701338599956111,0.564845292955892,0.028966425279789335,0.15909589642308536,0.0006583278472679394,0.0,0.18191792846170726,0.06451612903225806,0.023794996949359364,0.8160463697376449,0.11470408785845028,0.014032946918852958,0.0
32023,Nye County,Nevada,53207,0.16415133347115982,0.526321724585111,0.3095269419437292,0.7029526190162948,0.025316217790892177,0.009904711786043189,0.019621478376905293,0.0049805476722987576,0.16409494991260548,0.07312947544496025,0.04555984555984556,0.8119449806949807,0.12673745173745174,0.0402992277992278,0.726832199414627
32027,Pershing County,Nevada,6505,0.16848578016910068,0.6654880860876249,0.1660261337432744,0.6455034588777864,0.0415065334358186,0.026902382782475018,0.011529592621060722,0.0007686395080707148,0.23274404304381247,0.04104534973097617,0.02913800080938891,0.7788344799676244,0.09348441926345609,0.049979765277215704,0.0
32029,Storey County,Nevada,4139,0.11597004107272288,0.49359748731577674,0.39043247161150035,0.8448900700652332,0.019328340178787148,0.0,0.010147378593863252,0.0,0.07030683740033825,0.05532737376177821,0.003882915173237754,0.8870967741935484,0.3163082437275986,0.1627837514934289,0.108674463937622
32031,Washoe County,Nevada,491770,0.2099355389714704,0.6170547207027676,0.17300974032576205,0.5972710820098827,0.022947719462350285,0.008703255586961384,0.054096427191573294,0.0064318685564389855,0.2563556133965065,0.05419403379628688,0.050340936082450334,0.8479343965981705,0.3318290047678912,0.13077230567801962,0.958282972792975
32033,White Pine County,Nevada,8856,0.1860885275519422,0.6149503161698283,0.19896115627822944,0.7166892502258356,0.06797651309846432,0.03387533875338753,0.006097560975609756,0.0,0.16384372177055104,0.011517615176151762,0.01635899744859673,0.8171994597028366,0.1415278403121717,0.030166591625393965,0.490638766519824
32510,Carson City,Nevada,58364,0.2016482763347269,0.5905523953121787,0.20779932835309436,0.6316907682818176,0.019258446987869233,0.014512370639435269,0.025889246795970117,0.00044548009046672607,0.2588067987115345,0.049396888492906584,0.03289146055159003,0.8382223908558419,0.2450615380967061,0.08866703028290925,
49001,Beaver County,Utah,7172,0.2992191857222532,0.5535415504740658,0.147239263803681,0.8409090909090909,0.0015337423312883436,0.0008365867261572784,0.0,0.0013943112102621305,0.1473786949247072,0.007947573898494143,0.03494440662582256,0.9076469253460404,0.2273655547991831,0.04901293396868618,0.0
49003,Box Elder County,Utah,59725,0.3092172457095019,0.5623440770196735,0.1284386772708246,0.8624863959815823,0.0034993721222268733,0.00416910841356216,0.007367099204688154,0.002076182503139389,0.09927166178317287,0.021130179991628296,0.026400156114967523,0.8891026177134733,0.26712386050012543,0.07858715954392127,0.682620608330732
49005,Cache County,Utah,137031,0.2965752275032657,0.6045420379330224,0.09888273456371185,0.8193839350220024,0.006567856908290825,0.0007516547350599499,0.018433785055936246,0.0038020593880216886,0.11534616254716086,0.03571454634352811,0.024796656122910078,0.9184929959331225,0.4042448034342521,0.1471418888386805,0.855603286420235
49007,Carbon County,Utah,20446,0.2572630343343441,0.554778440770811,0.18795852489484496,0.8232417098699012,0.005233297466497114,0.005771300009781865,0.003081287293358114,0.0034236525481756825,0.13210407903746454,0.027144673774821482,0.023978486591469336,0.8654664973481736,0.18413386120863523,0.05796668409651154,0.653831079757006
49009,Daggett County,Utah,747,0.22623828647925034,0.5930388219544847,0.18072289156626506,0.9223560910307899,0.0,0.014725568942436412,0.0,0.0,0.029451137884872823,0.03346720214190094,0.021611001964636542,0.8919449901768173,0.11591355599214145,0.03536345776031434,0.0
49011,Davis County,Utah,366742,0.30829302343336734,0.584290863877058,0.10741611268957468,0.806387051387624,0.011433105561948181,0.0030293776006020583,0.018836130031466263,0.008090156022489924,0.11256687262435172,0.03965730677151785,0.013454366400102127,0.9351400147719916,0.38689396080862976,0.13118805110014864,0.991634475665809
49013,Duchesne County,Utah,19932,0.3241019466185029,0.548314268512944,0.12758378486855307,0.8533012241621513,0.0007525586995785671,0.03486855308047361,0.005217740317078065,0.004716034517359021,0.07104154124021674,0.030102347983142687,0.022102697705689553,0.8558702411967393,0.1700142869148668,0.05092864946634171,0.319503980404164
49015,Emery County,Utah,9968,0.2842094703049759,0.536115569823435,0.17967495987158907,0.8948635634028892,0.0004012841091492777,0.007624398073836276,0.0,0.005417335473515248,0.07323434991974317,0.018459069020866775,0.027459595167111252,0.900674721481249,0.1716616977875412,0.0640200847324651,0.0
49017,Garfield County,Utah,5170,0.21682785299806576,0.5562862669245648,0.22688588007736943,0.8934235976789169,0.0007736943907156673,0.019342359767891684,0.0,0.004835589941972921,0.06982591876208898,0.011798839458413927,0.015143320713899405,0.9340183883180098,0.32017306652244454,0.09356408869659276,0.0
49019,Grand County,Utah,9697,0.18418067443539238,0.6136949572032587,0.20212436836134887,0.7869444157987007,0.00020624935547076416,0.039393626894915955,0.011034340517685882,0.014231205527482726,0.12498710941528307,0.02320305249046097,0.01638631090487239,0.9015371229698376,0.3473027842227378,0.12659512761020883,0.820457131037336
49021,Iron County,Utah,60201,0.27657347884586636,0.5895583129848342,0.1338682081692995,0.8382751117091078,0.006312187505190943,0.012258932575870832,0.009933389810800485,0.003189315792096477,0.10082888988555007,0.029202172721383365,0.021550838251269855,0.8928623858598315,0.3030623330103644,0.0985055345136381,0.713906683656548
49023,Juab County,Utah,12273,0.3370813981911513,0.5373584290719465,0.12556017273690215,0.9099649637415465,0.00651837366577039,0.010510877536054754,0.0,8.147967082212988e-05,0.05222846899698525,0.020695836388820988,0.010157367668097281,0.9021459227467811,0.2022889842632332,0.05765379113018598,0.537077889020872
49025,Kane County,Utah,7996,0.22648824412206103,0.5332666333166584,0.24024512256128064,0.8871935967983992,0.0022511255627813906,0.02088544272136068,0.001375687843921961,0.0008754377188594297,0.048024012006003,0.03939469734867434,0.0041739130434782605,0.9017391304347826,0.3213913043478261,0.09582608695652174,0.0
49027,Millard County,Utah,13179,0.31390849078078764,0.5151377190985659,0.1709537901206465,0.8195614234767433,0.002124592154184688,0.013582214128537825,0.017072615524698385,0.0014416875331967525,0.1331664010926474,0.013051066089991653,0.029411764705882353,0.8637506284565108,0.230517848164907,0.048139768728004025,0.0
49029,Morgan County,Utah,12585,0.3404847040127135,0.5387365911799762,0.12077870480731029,0.9272149384187525,0.0015891934843067143,0.0014302741358760429,0.0018275725069527215,0.0038140643623361145,0.028843861740166864,0.03528009535160906,0.009931458945307036,0.9506224646803749,0.3884459364946146,0.1433766960414044,0.0
49031,Piute County,Utah,1705,0.1870967741935484,0.5290322580645161,0.2838709677419355,0.9548387096774194,0.0011730205278592375,0.0,0.0,0.0,0.04398826979472141,0.0,0.04819277108433735,0.8450946643717728,0.1901893287435456,0.07314974182444062,0.0
49033,Rich County,Utah,2588,0.3230293663060278,0.4652241112828439,0.2117465224111283,0.8945131375579598,0.0,0.004250386398763524,0.0,0.0,0.0695517774343122,0.03168469860896445,0.028089887640449437,0.949438202247191,0.24469413233458176,0.07865168539325842,0.0
49035,Salt Lake County,Utah,1184689,0.2585860086486833,0.6256561848721479,0.11575780647916879,0.6788735271450989,0.01650390946484689,0.004859503211391344,0.04064695460158742,0.015048675221935884,0.19976044345815652,0.04430698689698309,0.035807494878648226,0.8860699231731659,0.38630205614732704,0.14034077645201143,0.993085776865068
49037,San Juan County,Utah,14466,0.2794137978708696,0.5586893405226048,0.16189686160652564,0.4490529517489285,0.0006912760956726117,0.4526475874464261,0.004977187888842804,0.0040785289644684085,0.05557859809207798,0.032973869763583574,0.06181287861790442,0.838231994615212,0.20237828135517164,0.06921696208211801,0.0
49039,Sanpete County,Utah,29209,0.24379472080523126,0.6126536341538567,0.14355164504091206,0.844910815159711,0.008832893971036324,0.0060255400732650895,0.00852476976274436,0.004690335170666575,0.10465952274983738,0.022356123112739223,0.032187147688838784,0.8722096956031568,0.23179255918827507,0.10028184892897407,0.177550374512079
49041,Sevier County,Utah,21854,0.28383819895671275,0.5488697721240963,0.16729202891919098,0.91319666880205,0.0019676031847716663,0.0043927885055367434,0.002928525670357829,0.0018760867575729843,0.05211860528964949,0.023519721790061315,0.028045510544242338,0.8877454888035365,0.23059642003043698,0.07217914341618958,0.389973050831707
49043,Summit County,Utah,42709,0.2376782411201386,0.6157016085602566,0.14662015031960476,0.8322601793532979,0.0038867685967828793,0.0006321852536936009,0.017232901730314453,0.0014985131939403873,0.11149874733662694,0.03299070453534384,0.02311062053740816,0.9323238246352317,0.5806974578317409,0.2221379048670277,0.553580281889652
49045,Tooele County,Utah,76648,0.31523327418849806,0.5943273144765682,0.09043941133493372,0.7915275023483979,0.008141112618724558,0.0022570712869220333,0.007175660160734788,0.008584698883206347,0.14249556413735517,0.039818390564659224,0.023793801725655924,0.887238070082761,0.23201708047191408,0.07855696425427011,0.802525516520399
49047,Uintah County,Utah,36458,0.31907948872675407,0.5636348675187888,0.11728564375445719,0.8038564924022162,0.004964616819353777,0.05104503812606287,0.007268637884689231,0.0011520105326677272,0.08417905535136322,0.04753414888364694,0.01546344165435746,0.839134047267356,0.16834379615952733,0.046482644017725255,0.55235822571589
49049,Utah County,Utah,683622,0.32171433921085046,0.6004443976349503,0.07784126315419924,0.7889550072993555,0.005987226859287735,0.0024706636123471744,0.014342721562500915,0.00788447416847322,0.13856634221836045,0.041793564279675025,0.01903934587906102,0.9274979644728845,0.4383636655542941,0.13392048256327335,0.957708458763207
49051,Wasatch County,Utah,35808,0.29571604110813227,0.5730563002680965,0.13122765862377123,0.8154043789097408,0.0005585344057193923,0.0023458445040214475,0.014047140303842716,0.0011729222520107238,0.14371090259159963,0.022760277033065237,0.025725802799039812,0.9438833280492775,0.47719552515965397,0.16880293491553058,0.721398183281591
49053,Washington County,Utah,189827,0.24832083950123007,0.5308254357915365,0.22085372470723344,0.8181554784092885,0.0046621397377612245,0.006653426541008392,0.010493765375842214,0.006611282904960832,0.1174543136645472,0.03596959336659169,0.018220853020048524,0.9160946877793386,0.3328757502234708,0.12639669263184777,0.851341531736919
49055,Wayne County,Utah,2557,0.23464998044583496,0.5346108721157606,0.23073914743840437,0.9100508408290966,0.0,0.0,0.0,0.0,0.03832616347281971,0.05162299569808369,0.004972375690607734,0.93646408839779,0.25193370165745854,0.06519337016574586,0.0
49057,Weber County,Utah,266183,0.27085125646641595,0.6075744882280236,0.12157425530556046,0.7455735339972875,0.010526592607341565,0.003749300293407167,0.014373570062701225,0.002152654376876059,0.18917060819060572,0.034453740471780694,0.02852505603348335,0.8855965708102709,0.28049440259686215,0.08514116870686016,0.944085759067664
56001,Albany County,Wyoming,37713,0.15604698645029566,0.7132023440193037,0.13075066953040065,0.8032773844562883,0.010367777689390926,0.0031023784901758012,0.03701641343833691,0.001193222496221462,0.10529525627767614,0.03974756715191048,0.01216089803554724,0.9382132834424696,0.5550982226379794,0.2697380729653882,0.870366373495926
56003,Big Horn County,Wyoming,11737,0.24546306551929795,0.5391496975377013,0.21538723694300077,0.856181306977933,0.0051972394990201926,0.003919229786146374,0.007668058277242907,0.0032376246059470054,0.09559512652296158,0.028201414330748915,0.03659141652195485,0.8268419746961052,0.2088811709253287,0.062267427437360454,0.0
56005,Campbell County,Wyoming,47018,0.2705559572929516,0.6074056744225615,0.12203836828448679,0.8516100216938194,0.003488025862435663,0.007635373686673189,0.0016802075800757157,0.00023395295418775789,0.09375132927814879,0.04160108894465949,0.03126927947527357,0.8713186349319739,0.22213202584667338,0.08120920868915804,0.731978054693148
56007,Carbon County,Wyoming,14549,0.22895044332943845,0.5812770637157193,0.18977249295484225,0.7632139665956423,0.013265516530345729,0.007835590074919239,0.007010791119664582,0.0,0.18008110523060003,0.028593030448828098,0.029793510324483775,0.8344149459193707,0.2279252704031465,0.05132743362831858,0.529682878172938
56009,Converse County,Wyoming,13759,0.2447852314848463,0.5753325096300603,0.1798822588850934,0.8819681662911549,0.0023257504179082784,0.0011628752089541392,0.0,0.0,0.08074714732175303,0.03379606076022967,0.023055058427202863,0.8726181703337194,0.2287609222023371,0.09769449415727971,0.472547451094466
56011,Crook County,Wyoming,7339,0.2433574056410955,0.5339964572830086,0.2226461370758959,0.9325521188172775,0.0,0.0016351001498841804,0.005450333832947268,0.0,0.019757460144433848,0.04060498705545715,0.006850655705617537,0.913681738109219,0.23996868271677432,0.03914660403210021,0.0
56013,Fremont County,Wyoming,39472,0.2462758411025537,0.5572557762464532,0.19646838265099312,0.6968483988650183,0.005320226996351845,0.17802492906364004,0.004382853668423186,0.000861370085123632,0.06736420753952169,0.047198013781921365,0.011311364150516551,0.8704094713822487,0.2525450569338662,0.10112359550561797,0.464163735535505
56015,Goshen County,Wyoming,12587,0.19567808055930722,0.5701120203384444,0.23420989910224835,0.8504012075951378,0.006911893223166759,0.008024151902756812,0.00023834114562643998,0.004210693572733773,0.10105664574561055,0.029157066814967825,0.023809523809523808,0.8633733867378727,0.24610591900311526,0.09991099243435692,0.514962393983037
56017,Hot Springs County,Wyoming,4618,0.21632741446513643,0.5173235166738848,0.26634906886097875,0.8893460372455608,0.0,0.010177566045907319,0.0023819835426591596,0.0,0.03919445647466436,0.058899956691208316,0.011117788461538462,0.9110576923076923,0.26382211538461536,0.08353365384615384,0.0
56019,Johnson County,Wyoming,8602,0.1962334340850965,0.5372006510113927,0.26656591490351084,0.90153452685422,0.00023250406882120437,0.016624040920716114,0.005231341548477098,0.0,0.042315740525459195,0.03406184608230644,0.030298223350253808,0.8689720812182741,0.3031408629441624,0.11960659898477158,0.534627678465727
56021,Laramie County,Wyoming,100661,0.2271982197673379,0.6038584953457645,0.1689432848868976,0.7593407575923148,0.020981313517648346,0.005453949394502339,0.010242298407526251,0.001112645413814685,0.15651543298794965,0.04635360268624393,0.018791264601320468,0.8937096423129943,0.32040919973880866,0.122397155916709,0.788463069086278
56023,Lincoln County,Wyoming,20158,0.2582597479908721,0.555957932334557,0.1857823196745709,0.9115983728544499,0.0002976485762476436,0.002331580513939875,0.0033237424347653537,0.0,0.052286933227502726,0.030161722393094552,0.009786607799852833,0.8934510669610007,0.24120676968359087,0.07748344370860927,0.0
56025,Natrona County,Wyoming,79735,0.23874082899604943,0.597215777262181,0.1640433937417696,0.8509061265441776,0.005969774879287641,0.003887878597855396,0.005568445475638051,0.0,0.09256913526055058,0.04109863924249075,0.01558651619306694,0.8784141454986583,0.2737014299893394,0.10434510899533139,0.847364142330061
56027,Niobrara County,Wyoming,2415,0.14699792960662525,0.556935817805383,0.29606625258799174,0.8906832298136645,0.014078674948240166,0.01904761904761905,0.0,0.007039337474120083,0.05134575569358178,0.01780538302277433,0.012532637075718016,0.8616187989556136,0.195822454308094,0.03289817232375979,0.0
56029,Park County,Wyoming,30109,0.2079112557706998,0.5431930651964529,0.24889567903284732,0.8829917964728154,0.003454116709289581,0.0017934836759772826,0.003719817994619549,0.0,0.059184961307250324,0.04885582384004783,0.007520878512434827,0.9215613897476123,0.3495593595718175,0.12333317953213677,0.55644072373751
56031,Platte County,Wyoming,8606,0.20102254241227052,0.5374157564489891,0.2615617011387404,0.8561468742737625,0.0037183360446200325,0.0036021380432256565,0.0,0.0033697420404369045,0.08505693702068325,0.04810597257727167,0.03229246001523229,0.8632140137090633,0.19512566641279513,0.08423457730388423,0.0
56033,Sheridan County,Wyoming,31585,0.21519708722494854,0.5640018996359031,0.22080101313914832,0.8974513218299826,0.004179198986860852,0.0110178882380877,0.010131391483299034,0.0,0.048219091340826345,0.029001108120943486,0.00987665355738291,0.9103950661422953,0.3337504469074008,0.122273864855202,0.62837553766049
56035,Sublette County,Wyoming,8806,0.22121280944810356,0.5438337497161027,0.23495344083579378,0.8999545764251646,0.0002271178741766977,0.0,0.0,0.0,0.07279127867363161,0.02702702702702703,0.00632211158526948,0.929666508613877,0.3108898372056267,0.10305041883989252,0.0
56037,Sweetwater County,Wyoming,41786,0.2527880151246829,0.6059685061982483,0.14124347867706888,0.7719571148231466,0.011439238022304121,0.006437562820083282,0.006293974058297037,2.3931460297707365e-05,0.1657014311013258,0.03814674771454554,0.02905149051490515,0.8472628726287262,0.20375790424570914,0.07194218608852755,0.892458364875095
56039,Teton County,Wyoming,23358,0.1733453206610155,0.6516825070639609,0.17497217227502354,0.7886377258326912,0.005822416302765648,0.0017980991523246853,0.014127921911122528,0.0,0.14748694237520335,0.042126894425892625,0.023670286828181564,0.961292119186856,0.6121971595655806,0.20579225842383736,0.461188976040461
56041,Uinta County,Wyoming,20605,0.277602523659306,0.5562727493326862,0.16612472700800776,0.8656636738655666,0.0025721912157243387,0.0001941276389225916,0.0022324678476098037,0.0,0.09910215966998301,0.03023537976219364,0.02218570254724733,0.8714424441622469,0.21319190259206694,0.05901247478897438,0.558239608801956
56043,Washakie County,Wyoming,7708,0.21587960560456668,0.5485210171250648,0.23559937727036845,0.8118837571354437,0.0018162947586922678,0.0020757654385054488,0.003243383497664764,0.0,0.14102231447846394,0.03995848469122989,0.03144882748591165,0.8820214506453372,0.22032357753135792,0.07216869660061807,0.636174365647365
56045,Weston County,Wyoming,6835,0.1928310168251646,0.5926847110460863,0.2144842721287491,0.8532553035844916,0.0005852231163130944,0.01623994147768837,0.007168983174835406,0.0057059253840526705,0.03482077542062911,0.08222384784198976,0.007905138339920948,0.8557312252964426,0.18043478260869567,0.046245059288537546,0.0
