CountyTract,FacID,FacType,minutes,miles
Z56001962700,220,Gastroenterology,51.2807454221999,48.8692931209999
Z56001962700,221,Lung Cancer Screening,51.2807454221999,48.8692931209999
Z56001962700,954,Mammography,7.08184386001,2.83790749638
Z56001962800,220,Gastroenterology,54.2616805961,50.9349934955
Z56001962800,221,Lung Cancer Screening,54.2616805961,50.9349934955
Z56001962800,954,Mammography,10.7239909497999,4.58891998178
Z56001962900,220,Gastroenterology,54.7482161683999,51.1951203933
Z56001962900,221,Lung Cancer Screening,54.7482161683999,51.1951203933
Z56001962900,954,Mammography,8.44479461395,3.20469237552
Z56001963000,220,Gastroenterology,58.2321150944,50.1797316153
Z56001963000,221,Lung Cancer Screening,58.2321150944,50.1797316153
Z56001963000,954,Mammography,6.14403556133,2.52112675074
Z56001963101,220,Gastroenterology,54.5750894987,48.6569968502999
Z56001963101,221,Lung Cancer Screening,54.5750894987,48.6569968502999
Z56001963101,954,Mammography,2.48700996566,0.998391985735
Z56001963102,220,Gastroenterology,56.7705425266,49.523068121
Z56001963102,221,Lung Cancer Screening,56.7705425266,49.523068121
Z56001963102,954,Mammography,4.68246299353,1.86446325638
Z56001963400,220,Gastroenterology,56.2947454425,49.2763876563999
Z56001963400,221,Lung Cancer Screening,56.2947454425,49.2763876563999
Z56001963400,954,Mammography,5.41928548579,2.04742734576
Z56001963500,220,Gastroenterology,53.5190422473,48.2498203381
Z56001963500,221,Lung Cancer Screening,53.5190422473,48.2498203381
Z56001963500,954,Mammography,2.64358229063,1.02086002747
Z56001963600,220,Gastroenterology,54.7186042929999,48.7304188327999
Z56001963600,221,Lung Cancer Screening,54.7186042929999,48.7304188327999
Z56001963600,954,Mammography,3.84314433635,1.50145852216
Z56001963700,220,Gastroenterology,53.9462568289999,47.7376236946
Z56001963700,221,Lung Cancer Screening,53.9462568289999,47.7376236946
Z56001963700,954,Mammography,4.95928226983,1.68528635698
Z56001963900,220,Gastroenterology,71.6447274867,67.4910713337999
Z56001963900,221,Lung Cancer Screening,71.6447274867,67.4910713337999
Z56001963900,954,Mammography,28.1070378402999,21.1449978200999
Z56003962600,336,Gastroenterology,144.136210487,133.372972459
Z56003962600,707,Lung Cancer Screening,145.4063489,133.841761307
Z56003962600,926,Mammography,7.73357373625,5.92078194967
Z56003962700,336,Gastroenterology,125.406405891999,118.838416447
Z56003962700,707,Lung Cancer Screening,126.676544304999,119.307205295
Z56003962700,926,Mammography,11.2647827914,8.85524851583
Z56003962800,336,Gastroenterology,94.9910425120999,89.056580001
Z56003962800,707,Lung Cancer Screening,96.2611809243999,89.5253688492
Z56003962800,987,Mammography,5.17437794804,3.28333077229
Z56005000101,216,Gastroenterology,127.779930367,134.286365147999
Z56005000101,742,Lung Cancer Screening,129.764642108999,136.73753869
Z56005000101,807,Mammography,20.5137824339,13.6503518627999
Z56005000102,216,Gastroenterology,118.396658961,128.098488086
Z56005000102,742,Lung Cancer Screening,120.381370703,130.549661627999
Z56005000102,765,Mammography,9.34543458005,5.49033346769
Z56005000103,216,Gastroenterology,82.8542338424,88.8417568197999
Z56005000103,742,Lung Cancer Screening,84.8389455843999,91.2929303613999
Z56005000103,807,Mammography,38.9064009762999,39.0476142779
Z56005000200,216,Gastroenterology,120.277491233,130.058484660999
Z56005000200,742,Lung Cancer Screening,122.262202974999,132.509658202999
Z56005000200,807,Mammography,5.38777159213,3.0720905259
Z56005000300,216,Gastroenterology,128.049390175,134.43967294
Z56005000300,742,Lung Cancer Screening,130.034101916999,136.890846482
Z56005000300,807,Mammography,2.95892943062,1.06434950878
Z56005000400,216,Gastroenterology,127.645839773,134.796647269
Z56005000400,742,Lung Cancer Screening,129.630551515,137.247820810999
Z56005000400,807,Mammography,1.9854606878,0.727075238314
Z56005000500,216,Gastroenterology,117.694004062,127.828804188
Z56005000500,742,Lung Cancer Screening,119.678715804,130.27997773
Z56005000500,765,Mammography,3.68806663548,1.8027275006
Z56005000600,216,Gastroenterology,121.368188622,129.83511715
Z56005000600,742,Lung Cancer Screening,123.352900364,132.286290691999
Z56005000600,765,Mammography,2.83622048463,1.06754625529
Z56005000701,216,Gastroenterology,135.287065767999,143.104752711999
Z56005000701,742,Lung Cancer Screening,137.271777509999,145.555926254
Z56005000701,765,Mammography,17.4481130520999,14.6448893739
Z56005000702,216,Gastroenterology,134.986051014999,140.365589744999
Z56005000702,742,Lung Cancer Screening,136.970762756999,142.816763285999
Z56005000702,807,Mammography,11.0995646942,7.43280587579
Z56007967600,216,Gastroenterology,151.870766669999,145.242595752
Z56007967600,742,Lung Cancer Screening,154.995993126999,143.870757249
Z56007967600,939,Mammography,46.318984161,27.4774506649
Z56007967700,216,Gastroenterology,107.960234416999,118.074520344999
Z56007967700,742,Lung Cancer Screening,111.085460874,116.702681842
Z56007967700,939,Mammography,5.88631286755,2.28586845485
Z56007967800,216,Gastroenterology,108.674655983999,118.854696876
Z56007967800,742,Lung Cancer Screening,111.799882440999,117.482858374
Z56007967800,939,Mammography,2.98453585759,1.04738658138
Z56007968000,220,Gastroenterology,132.643137322999,127.908932770999
Z56007968000,221,Lung Cancer Screening,132.643137322999,127.908932770999
Z56007968000,939,Mammography,52.4405274064,49.5895547665
Z56007968100,216,Gastroenterology,111.396926246999,119.106212975999
Z56007968100,742,Lung Cancer Screening,114.522152704,117.734374473
Z56007968100,939,Mammography,49.7968073874,47.5668925593
Z56009956400,212,Gastroenterology,66.5127558498,60.5311251139
Z56009956400,742,Lung Cancer Screening,67.360889743,60.636487338
Z56009956400,940,Mammography,2.95598480415,0.772446289783
Z56009956500,212,Gastroenterology,61.7145465907,58.9327605215
Z56009956500,742,Lung Cancer Screening,62.5626804839,59.0381227454999
Z56009956500,940,Mammography,5.12836337059,1.99276427269
Z56009956600,212,Gastroenterology,46.1775130779,41.8310120398
Z56009956600,742,Lung Cancer Screening,47.0256469711,41.9363742637999
Z56009956600,940,Mammography,21.8721202541999,15.3660706115
Z56009956700,212,Gastroenterology,27.8318191966,24.1718096415999
Z56009956700,742,Lung Cancer Screening,28.6799530898,24.2771718656
Z56009956700,862,Mammography,21.3915363891999,20.4894247400999
Z56011950200,216,Gastroenterology,173.885333513999,179.678285418999
Z56011950200,742,Lung Cancer Screening,175.870045255999,182.129458959999
Z56011950200,807,Mammography,52.2425147797999,47.3556752979
Z56011950300,216,Gastroenterology,206.867445526,218.394693318
Z56011950300,695,Lung Cancer Screening,201.639223745999,205.353377109
Z56011950300,922,Mammography,48.1370951879,48.4881033118
Z56013000100,216,Gastroenterology,140.864529271999,145.333914822999
Z56013000100,742,Lung Cancer Screening,146.194549631999,147.099108075999
Z56013000100,960,Mammography,4.58418427856,1.58950342212
Z56013000200,216,Gastroenterology,141.489914507999,145.648668721999
Z56013000200,742,Lung Cancer Screening,146.819934867999,147.413861975
Z56013000200,960,Mammography,4.23835933481,1.33824282123
Z56013000301,216,Gastroenterology,143.47652729,156.328262058999
Z56013000301,742,Lung Cancer Screening,146.601753746,154.956423556999
Z56013000301,960,Mammography,6.05455206966,2.51920937625
Z56013000302,216,Gastroenterology,115.938103347999,122.372539900999
Z56013000302,742,Lung Cancer Screening,121.268123707,124.137733155
Z56013000302,891,Mammography,10.5190098143,5.51177254155
Z56013000400,156,Gastroenterology,96.7523425275,85.0089545958999
Z56013000400,742,Lung Cancer Screening,184.648086718999,196.788006631999
Z56013000400,891,Mammography,75.2167436791999,78.8248331929
Z56013940100,216,Gastroenterology,146.210647576,153.592327461999
Z56013940100,742,Lung Cancer Screening,151.540667934999,155.357520714999
Z56013940100,960,Mammography,22.931409102,18.9051656227999
Z56013940201,216,Gastroenterology,116.277655394999,125.830137084
Z56013940201,742,Lung Cancer Screening,121.607675753999,127.595330336999
Z56013940201,891,Mammography,15.2989434739,13.2612822611
Z56013940202,216,Gastroenterology,131.066712093999,130.912111509999
Z56013940202,742,Lung Cancer Screening,136.396732452999,132.677304764
Z56013940202,891,Mammography,25.6476185602,14.0513441506
Z56013940301,216,Gastroenterology,113.265743311999,120.299608907999
Z56013940301,742,Lung Cancer Screening,118.595763672,122.064802162
Z56013940301,891,Mammography,7.84664977894,3.43884154846
Z56013940302,216,Gastroenterology,110.490871295999,118.990592112
Z56013940302,742,Lung Cancer Screening,115.820891656,120.755785365999
Z56013940302,891,Mammography,7.52257552876,3.10732545021
Z56013940400,216,Gastroenterology,112.897305392,120.518412432
Z56013940400,742,Lung Cancer Screening,118.227325751999,122.283605684999
Z56013940400,891,Mammography,0.600556869084,0.243913105393
Z56013940500,216,Gastroenterology,112.446988829999,119.777853961999
Z56013940500,742,Lung Cancer Screening,117.777009188999,121.543047216
Z56013940500,891,Mammography,5.02975959363,2.30940364175
Z56015957700,228,Gastroenterology,94.708248189,93.5191471161
Z56015957700,221,Lung Cancer Screening,99.6990598046999,95.8265559279
Z56015957700,933,Mammography,22.4775826204,13.8898833187
Z56015957800,228,Gastroenterology,78.9052665452999,82.035220034
Z56015957800,221,Lung Cancer Screening,83.8960781610999,84.3426288457999
Z56015957800,933,Mammography,6.67460097675,2.40595623658
Z56015957900,228,Gastroenterology,79.0376642093,81.6442348068
Z56015957900,221,Lung Cancer Screening,84.028475825,83.9516436186
Z56015957900,933,Mammography,7.02660280945,2.23754560984
Z56015958000,228,Gastroenterology,65.4416974375999,70.5622506375
Z56015958000,221,Lung Cancer Screening,70.4325090533999,72.8696594493
Z56015958000,933,Mammography,18.6780442268999,15.0541196073
Z56017967800,216,Gastroenterology,123.258841359,129.547314018
Z56017967800,742,Lung Cancer Screening,128.588861718999,131.312507272
Z56017967800,957,Mammography,3.28345937991,1.04852554114
Z56017967900,216,Gastroenterology,132.64413611,134.344942784
Z56017967900,742,Lung Cancer Screening,137.974156469999,136.110136036999
Z56017967900,957,Mammography,10.6688679416,5.02942139011
Z56019955100,216,Gastroenterology,90.1480101326,97.5830195558
Z56019955100,742,Lung Cancer Screening,92.1327218746999,100.034193096999
Z56019955100,964,Mammography,28.9107762157999,25.8604678431
Z56019955201,216,Gastroenterology,108.632831969999,111.57056171
Z56019955201,742,Lung Cancer Screening,110.617543712,114.021735251999
Z56019955201,964,Mammography,3.22645361897,0.886053016123
Z56019955202,216,Gastroenterology,112.795766135999,113.104901311999
Z56019955202,742,Lung Cancer Screening,114.780477877999,115.556074854
Z56019955202,964,Mammography,3.14903649122,0.772333823606
Z56021000200,222,Gastroenterology,4.34435263453,1.59779378376
Z56021000200,221,Lung Cancer Screening,4.50452256968,1.57667537418
Z56021000200,808,Mammography,9.15253618815,4.03649959168
Z56021000300,222,Gastroenterology,8.12834355151,3.0559763396
Z56021000300,221,Lung Cancer Screening,8.28851348665999,3.03485793002
Z56021000300,808,Mammography,13.0843093955,5.58623119975
Z56021000401,222,Gastroenterology,9.62696383356,4.27842622074
Z56021000401,221,Lung Cancer Screening,9.78713376871,4.25730781116
Z56021000401,808,Mammography,14.5829296775999,6.8086810809
Z56021000403,219,Gastroenterology,6.48592178212,2.824042105
Z56021000403,221,Lung Cancer Screening,6.79825155166,2.76340997297
Z56021000403,808,Mammography,9.45354536894,4.29182760784
Z56021000404,222,Gastroenterology,8.44244214147,2.89138943312
Z56021000404,221,Lung Cancer Screening,8.60261207662,2.87027102354
Z56021000404,808,Mammography,13.3984079855,5.42164429327
Z56021000502,219,Gastroenterology,6.11179578445,2.87543572822
Z56021000502,221,Lung Cancer Screening,9.9978432629,4.22145352966
Z56021000502,808,Mammography,9.13418668031999,4.21026113988
Z56021000503,219,Gastroenterology,4.46472866846,2.2053533585
Z56021000503,221,Lung Cancer Screening,8.35077614691999,3.55137115993
Z56021000503,808,Mammography,7.48711956433,3.54017877015
Z56021000601,219,Gastroenterology,1.31657282814,0.562782753982
Z56021000601,221,Lung Cancer Screening,4.79446145126,1.86240263347
Z56021000601,808,Mammography,4.28419641496,2.03056825682
Z56021000602,219,Gastroenterology,1.66685278652,0.590385731186
Z56021000602,221,Lung Cancer Screening,6.24291259358,2.51331483985
Z56021000602,808,Mammography,5.03984617117,2.26726329575
Z56021000701,222,Gastroenterology,1.78721170118,0.642767059008
Z56021000701,221,Lung Cancer Screening,2.0472208704,0.751043301506
Z56021000701,808,Mammography,5.61564109797,2.6084650138
Z56021000702,220,Gastroenterology,2.34217333955,0.64740303921
Z56021000702,221,Lung Cancer Screening,2.34217333955,0.64740303921
Z56021000702,808,Mammography,8.86395671698,3.46045843325
Z56021000800,219,Gastroenterology,2.45150424235,0.755391521364
Z56021000800,221,Lung Cancer Screening,5.43555215044,1.84783488316
Z56021000800,808,Mammography,5.41912782917,2.2231770242
Z56021000900,220,Gastroenterology,3.43319425633,1.2397915302
Z56021000900,221,Lung Cancer Screening,3.43319425633,1.2397915302
Z56021000900,808,Mammography,7.73395471004,3.61424206319
Z56021001000,220,Gastroenterology,3.10590181642,0.952374231081
Z56021001000,221,Lung Cancer Screening,3.10590181642,0.952374231081
Z56021001000,808,Mammography,8.49041866598,3.94186303862
Z56021001100,220,Gastroenterology,6.45391156992,2.87117123541
Z56021001100,221,Lung Cancer Screening,6.45391156992,2.87117123541
Z56021001100,808,Mammography,11.0219458996,5.16680727381
Z56021001200,228,Gastroenterology,2.1695118786,0.484470361407
Z56021001200,221,Lung Cancer Screening,8.65734984787,3.70815144274
Z56021001200,808,Mammography,9.07393650509,4.17552766706
Z56021001301,218,Gastroenterology,2.35227382362,0.917066462458
Z56021001301,221,Lung Cancer Screening,6.6259661007,2.86832934137
Z56021001301,808,Mammography,4.34454490791,1.90305421396
Z56021001302,218,Gastroenterology,3.80050180944,1.64942680578
Z56021001302,221,Lung Cancer Screening,10.5073439209,4.80334171148
Z56021001302,808,Mammography,6.92670997023,2.94653194208
Z56021001401,219,Gastroenterology,5.04896228304,1.99174097381
Z56021001401,221,Lung Cancer Screening,9.26227172866999,3.70948230381
Z56021001401,808,Mammography,4.0890200014,1.31108194316
Z56021001402,219,Gastroenterology,4.97337603374,2.20196729373
Z56021001402,221,Lung Cancer Screening,8.96079894784,3.75811058739
Z56021001402,808,Mammography,3.78754722056,1.35971022673
Z56021001501,219,Gastroenterology,8.56736864291,3.4742337584
Z56021001501,221,Lung Cancer Screening,13.0963616133999,5.20825962643
Z56021001501,808,Mammography,7.92310988615,2.80985926577
Z56021001502,219,Gastroenterology,5.65989046984,2.10064913438
Z56021001502,221,Lung Cancer Screening,10.3659893118,3.98343558802
Z56021001502,808,Mammography,6.94008636271,2.67458068634
Z56021001901,219,Gastroenterology,16.8735909564999,8.49598029004999
Z56021001901,221,Lung Cancer Screening,21.5796897984999,10.3787667437
Z56021001901,808,Mammography,17.2768836005,8.34347281682
Z56021001902,228,Gastroenterology,16.6321479385999,12.4992672977999
Z56021001902,221,Lung Cancer Screening,22.2369272373,15.7765682092
Z56021001902,808,Mammography,22.7491721331999,15.9640024762999
Z56021002001,219,Gastroenterology,35.9133520295999,28.4450290849
Z56021002001,221,Lung Cancer Screening,40.6194508715,30.3278155385
Z56021002001,808,Mammography,37.1718272052,28.545566456
Z56021002002,219,Gastroenterology,22.4756924339,15.0120759382
Z56021002002,221,Lung Cancer Screening,27.1817912757999,16.8948623918999
Z56021002002,808,Mammography,23.7341676094999,15.1126133094
Z56021980801,218,Gastroenterology,1.74251542553,0.522621948258
Z56021980801,221,Lung Cancer Screening,7.68596800885,3.39747470464
Z56021980801,808,Mammography,3.53275285177,1.22448176319
Z56023978001,156,Gastroenterology,63.1156894877999,51.1721373174
Z56023978001,732,Lung Cancer Screening,248.489355786,234.077306547
Z56023978001,852,Mammography,25.9472477748999,22.3472731132
Z56023978002,156,Gastroenterology,61.2044836752,48.6677419219999
Z56023978002,732,Lung Cancer Screening,246.578149972999,231.572911151
Z56023978002,852,Mammography,29.5506314848999,24.8628800940999
Z56023978100,156,Gastroenterology,84.3058350574,70.7728820284
Z56023978100,723,Lung Cancer Screening,235.999089628,217.220709416
Z56023978100,852,Mammography,2.50313920977,1.14944794454
Z56023978200,594,Gastroenterology,146.141199594,117.851660718
Z56023978200,729,Lung Cancer Screening,208.88167738,180.180880895
Z56023978200,820,Mammography,41.5867933911999,25.0785654168
Z56023978400,594,Gastroenterology,109.903062595999,94.6991850290999
Z56023978400,729,Lung Cancer Screening,169.135958611999,154.108600225999
Z56023978400,820,Mammography,0.850756172295,0.224515635212
Z56025000200,212,Gastroenterology,4.60251765646,1.72139168791
Z56025000200,742,Lung Cancer Screening,5.68746679742,1.85593461173
Z56025000200,966,Mammography,5.68746679742,1.85593461173
Z56025000300,212,Gastroenterology,0.870840196731,0.318766915631
Z56025000300,742,Lung Cancer Screening,1.02274098797,0.288679342452
Z56025000300,966,Mammography,1.02274098797,0.288679342452
Z56025000400,212,Gastroenterology,3.57733927638,1.28692526778
Z56025000400,742,Lung Cancer Screening,3.67675559247,1.11145272004
Z56025000400,966,Mammography,3.67675559247,1.11145272004
Z56025000501,157,Gastroenterology,8.10773088701,2.65724463707
Z56025000501,742,Lung Cancer Screening,8.10773088701,2.65724463707
Z56025000501,966,Mammography,8.10773088701,2.65724463707
Z56025000502,212,Gastroenterology,5.98060617298,2.17772440526
Z56025000502,742,Lung Cancer Screening,6.22920034268,2.20449146626
Z56025000502,862,Mammography,5.96649825648,2.70977522248
Z56025000601,212,Gastroenterology,4.99589916995,1.87716124092
Z56025000601,742,Lung Cancer Screening,5.14779996119,1.84707366774
Z56025000601,966,Mammography,5.14779996119,1.84707366774
Z56025000602,212,Gastroenterology,3.43483099862,1.26455743683
Z56025000602,742,Lung Cancer Screening,3.58673178986,1.23446986365
Z56025000602,966,Mammography,3.58673178986,1.23446986365
Z56025000700,212,Gastroenterology,4.94349445708,1.83451343893
Z56025000700,742,Lung Cancer Screening,5.09539524832,1.80442586575
Z56025000700,966,Mammography,5.09539524832,1.80442586575
Z56025000800,212,Gastroenterology,7.15975813962,2.884654293
Z56025000800,742,Lung Cancer Screening,7.94414746177,2.93427685945
Z56025000800,966,Mammography,7.94414746177,2.93427685945
Z56025000901,212,Gastroenterology,10.3111363945,3.75366383514
Z56025000901,742,Lung Cancer Screening,10.4630371856999,3.72357626196
Z56025000901,966,Mammography,10.4630371856999,3.72357626196
Z56025000902,212,Gastroenterology,8.35511777364,3.41562659454
Z56025000902,742,Lung Cancer Screening,8.50701856487999,3.38553902137
Z56025000902,966,Mammography,8.50701856487999,3.38553902137
Z56025001000,212,Gastroenterology,14.8793588961999,6.68732057309
Z56025001000,742,Lung Cancer Screening,15.0312596875,6.65723299991
Z56025001000,966,Mammography,15.0312596875,6.65723299991
Z56025001100,216,Gastroenterology,9.21561396778,4.59000287089
Z56025001100,742,Lung Cancer Screening,11.2482747991,4.94214152771
Z56025001100,966,Mammography,11.2482747991,4.94214152771
Z56025001200,216,Gastroenterology,7.20173138164,4.06181501916
Z56025001200,742,Lung Cancer Screening,9.23439221292,4.41395367598
Z56025001200,966,Mammography,9.23439221292,4.41395367598
Z56025001401,216,Gastroenterology,17.8755797847,12.6286438594
Z56025001401,742,Lung Cancer Screening,19.8602915266999,15.0798174011
Z56025001401,966,Mammography,19.8602915266999,15.0798174011
Z56025001602,212,Gastroenterology,7.1999843814,2.61289476117
Z56025001602,742,Lung Cancer Screening,7.44857855111,2.63966182218
Z56025001602,862,Mammography,5.24998741448,2.40260692937
Z56025001603,212,Gastroenterology,11.3819347617,5.28237137268
Z56025001603,742,Lung Cancer Screening,11.5338355528999,5.2522837995
Z56025001603,966,Mammography,11.5338355528999,5.2522837995
Z56025001700,216,Gastroenterology,16.2936510838999,8.56620309908
Z56025001700,742,Lung Cancer Screening,19.0510317026,8.81837858069
Z56025001700,966,Mammography,19.0510317026,8.81837858069
Z56025001801,157,Gastroenterology,22.2405374444999,6.21832075014
Z56025001801,742,Lung Cancer Screening,22.2405374444999,6.21832075014
Z56025001801,862,Mammography,15.3516830466,4.25335605722
Z56025001802,216,Gastroenterology,36.0787616197,16.8037921349999
Z56025001802,742,Lung Cancer Screening,41.4087819793999,18.5689853885
Z56025001802,966,Mammography,41.4087819793999,18.5689853885
Z56027957200,212,Gastroenterology,99.9882757960999,108.070847384
Z56027957200,742,Lung Cancer Screening,100.836409689,108.176209607999
Z56027957200,940,Mammography,58.8842271449,58.6365042018
Z56029965100,336,Gastroenterology,98.0054614101999,96.8568989533
Z56029965100,707,Lung Cancer Screening,99.2755998224999,97.3256878014999
Z56029965100,686,Mammography,3.15477826947,1.2447306655
Z56029965200,336,Gastroenterology,100.492736803,97.5460417477
Z56029965200,707,Lung Cancer Screening,101.762875214999,98.0148305958
Z56029965200,686,Mammography,2.51130791767,0.642475628947
Z56029965301,336,Gastroenterology,123.067974374,116.143231096999
Z56029965301,707,Lung Cancer Screening,124.338112785999,116.612019945
Z56029965301,921,Mammography,30.9953449831,19.0097185692
Z56029965302,336,Gastroenterology,122.939669229,121.157779155
Z56029965302,707,Lung Cancer Screening,124.209807642,121.626568003
Z56029965302,921,Mammography,22.0082753157,15.9442884694
Z56029965401,336,Gastroenterology,107.750019804,106.198335964999
Z56029965401,707,Lung Cancer Screening,109.020158215999,106.667124813
Z56029965401,921,Mammography,5.41754689818,1.91844171969
Z56029965402,336,Gastroenterology,106.337499707999,107.180376011
Z56029965402,707,Lung Cancer Screening,107.607638120999,107.649164858999
Z56029965402,921,Mammography,6.71824661279,2.75662289117
Z56029965500,336,Gastroenterology,107.285935486,105.936733763
Z56029965500,707,Lung Cancer Screening,108.556073897999,106.405522610999
Z56029965500,921,Mammography,1.13840478305,0.488933363147
Z56031959100,212,Gastroenterology,114.122156032,117.866503198999
Z56031959100,742,Lung Cancer Screening,114.970289925,117.971865422999
Z56031959100,971,Mammography,33.9814274117999,29.4197602594
Z56031959401,228,Gastroenterology,58.4598681951,67.2645899904999
Z56031959401,221,Lung Cancer Screening,64.9689156147999,70.6714488271999
Z56031959401,971,Mammography,3.47612688222,1.53207496347
Z56031959402,228,Gastroenterology,58.3113644761999,65.9634331544999
Z56031959402,221,Lung Cancer Screening,64.8204118958999,69.3702919912999
Z56031959402,971,Mammography,10.3949646371999,6.84200239075
Z56033000100,336,Gastroenterology,134.167501428,136.056532183
Z56033000100,707,Lung Cancer Screening,135.607859630999,136.669206013
Z56033000100,911,Mammography,6.19840900231,1.96708203914
Z56033000200,336,Gastroenterology,130.927006382,135.009332155
Z56033000200,707,Lung Cancer Screening,132.367364586,135.622005984999
Z56033000200,911,Mammography,4.11713030517,1.61533389597
Z56033000300,336,Gastroenterology,130.470654002,134.692081193999
Z56033000300,707,Lung Cancer Screening,131.911012206,135.304755024
Z56033000300,900,Mammography,2.22706636942,0.77382605848
Z56033000400,336,Gastroenterology,127.819583663,133.961269439999
Z56033000400,707,Lung Cancer Screening,129.259941865999,134.57394327
Z56033000400,900,Mammography,2.68041601482,0.853094068904
Z56033000501,336,Gastroenterology,144.873693702999,145.792336667
Z56033000501,707,Lung Cancer Screening,146.314051906999,146.405010497
Z56033000501,911,Mammography,22.2367485084,10.967355973
Z56033000502,216,Gastroenterology,127.367719382999,143.288268004
Z56033000502,742,Lung Cancer Screening,129.352431125,145.739441545999
Z56033000502,911,Mammography,10.5644512065999,6.53918299993
Z56033000600,336,Gastroenterology,120.711160536999,123.340120466
Z56033000600,707,Lung Cancer Screening,122.15151874,123.952794295999
Z56033000600,900,Mammography,13.744297054,8.29736053822
Z56035000101,156,Gastroenterology,95.9992460615,84.8049724958
Z56035000101,723,Lung Cancer Screening,217.519822463999,228.433689909
Z56035000101,820,Mammography,82.5376851416999,81.8861514489999
Z56035000103,156,Gastroenterology,92.7025297131999,82.0313078315
Z56035000103,729,Lung Cancer Screening,224.827147660999,214.795907325999
Z56035000103,880,Mammography,92.7713832395999,82.0548775939
Z56035000104,156,Gastroenterology,95.7457443163,86.1089109592
Z56035000104,729,Lung Cancer Screening,207.541582612,203.034426142
Z56035000104,788,Mammography,88.4916127197,95.0073911806999
Z56037970500,594,Gastroenterology,167.931894325999,159.721226515
Z56037970500,729,Lung Cancer Screening,131.466138132999,112.336581389
Z56037970500,788,Mammography,19.3762733774999,17.2955894054999
Z56037970601,594,Gastroenterology,225.937326092999,183.02266954
Z56037970601,729,Lung Cancer Screening,160.836415503,114.727714895
Z56037970601,788,Mammography,52.3538987483999,16.9673615578
Z56037970602,594,Gastroenterology,176.839066537999,165.268521357999
Z56037970602,729,Lung Cancer Screening,123.262112025999,108.525593947999
Z56037970602,788,Mammography,19.3565128806,16.5242339887
Z56037970700,594,Gastroenterology,174.930820485999,165.185123274
Z56037970700,729,Lung Cancer Screening,118.672571364999,106.049805446999
Z56037970700,788,Mammography,17.4482668291,16.4408359040999
Z56037970800,156,Gastroenterology,176.235842133999,176.475007420999
Z56037970800,729,Lung Cancer Screening,120.923537996999,109.628371853999
Z56037970800,788,Mammography,2.59834315018,2.05516405739
Z56037970902,156,Gastroenterology,179.572266469999,177.800620804
Z56037970902,729,Lung Cancer Screening,122.305036954,107.370315911
Z56037970902,788,Mammography,2.25212475931,0.918695091783
Z56037970903,156,Gastroenterology,180.461092529,178.335553610999
Z56037970903,729,Lung Cancer Screening,122.312618240999,107.452266285999
Z56037970903,788,Mammography,3.50999470068,1.44921747061
Z56037970904,156,Gastroenterology,174.306062077999,172.220845598
Z56037970904,729,Lung Cancer Screening,131.030556444,112.104604959
Z56037970904,788,Mammography,7.82571044399,4.32960433534
Z56037970905,156,Gastroenterology,181.311067164999,178.440634670999
Z56037970905,729,Lung Cancer Screening,122.997270981,107.299122724
Z56037970905,788,Mammography,4.20056914497,1.58946527315
Z56037971000,156,Gastroenterology,180.874740056,178.394584572
Z56037971000,729,Lung Cancer Screening,121.200727553999,107.088582395
Z56037971000,941,Mammography,3.93772010724,1.64437656148
Z56037971100,156,Gastroenterology,181.895118096,178.540823448999
Z56037971100,729,Lung Cancer Screening,124.536818097999,108.134868734999
Z56037971100,941,Mammography,6.20612780323,2.15072533332
Z56037971200,156,Gastroenterology,182.764261548999,178.728022697
Z56037971200,729,Lung Cancer Screening,126.354267605999,108.748858218999
Z56037971200,941,Mammography,7.07527125613,2.33792458205
Z56037971600,156,Gastroenterology,216.087403459999,194.425861166
Z56037971600,729,Lung Cancer Screening,204.077395064999,160.493629445
Z56037971600,788,Mammography,80.712913443,52.7349030541999
Z56039967601,156,Gastroenterology,8.63944764214999,4.02680900592
Z56039967601,727,Lung Cancer Screening,254.518358240999,239.354497626
Z56039967601,880,Mammography,8.56602444774999,4.00323924351
Z56039967602,156,Gastroenterology,30.860330506,18.4017302815999
Z56039967602,727,Lung Cancer Screening,272.364557465,252.675660945999
Z56039967602,880,Mammography,30.9291840323999,18.4253000440999
Z56039967701,156,Gastroenterology,0.744449030625,0.206726369738
Z56039967701,727,Lung Cancer Screening,246.351412457,235.673493686999
Z56039967701,880,Mammography,0.671025836219,0.183156607323
Z56039967703,156,Gastroenterology,16.796097649,7.86610486271
Z56039967703,727,Lung Cancer Screening,239.340641086999,231.209390904999
Z56039967703,880,Mammography,16.8649511754,7.88967462512
Z56039967704,156,Gastroenterology,8.99046258505,3.74394017314
Z56039967704,727,Lung Cancer Screening,237.985896314999,231.845679308999
Z56039967704,880,Mammography,9.05931611143999,3.76750993556
Z56039967801,156,Gastroenterology,3.24372226676,0.979994971165
Z56039967801,727,Lung Cancer Screening,244.746662657999,235.157366298999
Z56039967801,880,Mammography,3.31257579315,1.00356473358
Z56039967802,156,Gastroenterology,11.889898958,4.99642963594
Z56039967802,727,Lung Cancer Screening,245.656142219999,236.413869704
Z56039967802,880,Mammography,11.9587524844,5.01999939836
Z56041975201,649,Gastroenterology,110.555103439,115.788287386999
Z56041975201,723,Lung Cancer Screening,129.310689650999,132.282796568
Z56041975201,820,Mammography,42.1894133421,42.2817964138999
Z56041975202,649,Gastroenterology,111.836664932,116.118118335999
Z56041975202,729,Lung Cancer Screening,127.944153731,111.640718681999
Z56041975202,820,Mammography,45.2426559900999,43.6304473694999
Z56041975301,649,Gastroenterology,95.5221864481,83.3537294216999
Z56041975301,723,Lung Cancer Screening,114.277772659999,99.8482386020999
Z56041975301,802,Mammography,12.8960680832999,5.95040394002
Z56041975302,649,Gastroenterology,84.4439078292,78.0978460539
Z56041975302,723,Lung Cancer Screening,103.199494040999,94.5923552341999
Z56041975302,802,Mammography,5.24925462061,2.13436912485
Z56041975401,649,Gastroenterology,82.1451106674,77.1259612849
Z56041975401,723,Lung Cancer Screening,100.900696879999,93.6204704653
Z56041975401,802,Mammography,6.19952955267,2.50214782897
Z56041975402,649,Gastroenterology,88.1560206048999,80.6793026582
Z56041975402,723,Lung Cancer Screening,106.911606817,97.1738118386
Z56041975402,802,Mammography,11.0824698914,5.51392696723
Z56043000200,216,Gastroenterology,165.437992855,169.444436352999
Z56043000200,742,Lung Cancer Screening,170.768013214,171.209629605999
Z56043000200,913,Mammography,9.27480497268,6.50821288157
Z56043000301,216,Gastroenterology,156.655742554999,163.007798258
Z56043000301,742,Lung Cancer Screening,161.985762915,164.772991510999
Z56043000301,913,Mammography,1.73195760636,0.518885887813
Z56043000302,216,Gastroenterology,158.198128924,163.503866603999
Z56043000302,742,Lung Cancer Screening,163.528149283,165.269059857999
Z56043000302,913,Mammography,2.03494104157,0.56764313317
Z56045951100,216,Gastroenterology,161.812119044,176.996138575
Z56045951100,742,Lung Cancer Screening,163.796830785999,179.447312116999
Z56045951100,922,Mammography,15.9664147451,14.6050007376999
Z56045951300,216,Gastroenterology,156.915776993999,169.002619911
Z56045951300,742,Lung Cancer Screening,158.900488736,171.453793453
Z56045951300,922,Mammography,2.32760746204,1.07639313711
